"postTitle","postUpvote","postLink","commentLink","rankingPosition","lastUpdate","postOrigin"
"Testing with Postman",300,"Testing with Postman","Testing with Postman","Testing with Postman",20151223,"postman"
"Testing with Postman",300,"Testing with Postman","Testing with Postman","Testing with Postman",20151223,"postman"
"Testing with Postman",300,"Testing with Postman","Testing with Postman","Testing with Postman",20151223,"postman"
"Testing with Postman",300,"Testing with Postman","Testing with Postman","Testing with Postman",20151223,"postman"
"Testing with Postman",300,"Testing with Postman","Testing with Postman","Testing with Postman",20151223,"postman"
"Testing with Postman",300,"Testing with Postman","Testing with Postman","Testing with Postman",20151223,"postman"
"Testing with Postman",300,"Testing with Postman","Testing with Postman","Testing with Postman",20151223,"postman"
"Testing with Postman",300,"Testing with Postman","Testing with Postman","Testing with Postman",20151223,"postman"
"Testing with Postman",300,"Testing with Postman","Testing with Postman","Testing with Postman",20151223,"postman"
"Testing with Postman",300,"Testing with Postman","Testing with Postman","Testing with Postman",20151223,"postman"
"Testing with Postman",300,"Testing with Postman","Testing with Postman","Testing with Postman",20151223,"postman"
,,,,,20151223,"postman"
,,,,,20151223,"postman"
,,,,,20151223,"postman"
,,,,,20151223,"postman"
,,,,,20151223,"postman"
,,,,,20151223,"postman"
"Testing with Postman",300,"Testing with Postman","Testing with Postman","Testing with Postman",20151222,"postman"
"Testing with Postman",300,"Testing with Postman","Testing with Postman","Testing with Postman",20151222,"postman"
"Testing with Postman",300,"Testing with Postman","Testing with Postman","Testing with Postman",20151222,"postman"
"Testing with Postman",300,"Testing with Postman","Testing with Postman","Testing with Postman",20151222,"postman"
"Testing with Postman",300,"Testing with Postman","Testing with Postman","Testing with Postman",20151222,"postman"
"Testing with Postman",300,"Testing with Postman","Testing with Postman","Testing with Postman",20151222,"postman"
"Testing with Postman",300,"Testing with Postman","Testing with Postman","Testing with Postman",20151222,"postman"
"Testing with Postman",300,"Testing with Postman","Testing with Postman","Testing with Postman",20151222,"postman"
"Testing with Postman",300,"Testing with Postman","Testing with Postman","Testing with Postman",20151222,"postman"
"Testing with Postman",300,"Testing with Postman","Testing with Postman","Testing with Postman",20151222,"postman"
"Testing with Postman",300,"Testing with Postman","Testing with Postman","Testing with Postman",20151222,"postman"
"Testing with Postman",7000,"Testing with Postman","Testing with Postman","Testing with Postman",20151215,"postman"
"Testing with Postman",7000,"Testing with Postman","Testing with Postman","Testing with Postman",20151215,"postman"
"Testing with Postman",7000,"Testing with Postman","Testing with Postman","Testing with Postman",20151215,"postman"
"Testing with Postman",7000,"Testing with Postman","Testing with Postman","Testing with Postman",20151215,"postman"
"Testing with Postman",7000,"Testing with Postman","Testing with Postman","Testing with Postman",20151215,"postman"
"Testing with Postman",925,"Testing with Postman","Testing with Postman","Testing with Postman",20151215,"postman"
"Testing with Postman",921,"Testing with Postman","Testing with Postman","Testing with Postman",20151215,"postman"
"Testing with Postman",920,"Testing with Postman","Testing with Postman","Testing with Postman",20151215,"postman"
"Testing with Postman",900,"Testing with Postman","Testing with Postman","Testing with Postman",20151215,"postman"
"Testing with Postman",500,"Testing with Postman","Testing with Postman","Testing with Postman",20151215,"postman"
"Testing with Postman",500,"Testing with Postman","Testing with Postman","Testing with Postman",20151215,"postman"
"Testing with Postman",500,"Testing with Postman","Testing with Postman","Testing with Postman",20151215,"postman"
"Testing with Postman",500,"Testing with Postman","Testing with Postman","Testing with Postman",20151215,"postman"
"Testing with Postman",500,"Testing with Postman","Testing with Postman","Testing with Postman",20151215,"postman"
"Testing with Postman",500,"Testing with Postman","Testing with Postman","Testing with Postman",20151215,"postman"
"Testing with Postman",500,"Testing with Postman","Testing with Postman","Testing with Postman",20151215,"postman"
"Testing with Postman",899,"Testing with Postman","Testing with Postman","Testing with Postman",20151203,"postman"
"Testing with Postman",3000,"Testing with Postman","Testing with Postman","Testing with Postman",20151202,"postman"